epoch,acc,loss,val_acc,val_loss
0,0.2707745182312265,2.1461266063394264,0.27048879088570377,2.0966783935030957
1,0.27077451819830384,2.0419250549649086,0.27048879088570377,1.982601626836741
2,0.27077451821293613,1.9271578429680858,0.27048879088570377,1.8829131058935118
3,0.27077451819830384,1.8583683994074782,0.27048879088570377,1.837409564345604
4,0.2707745182165942,1.8157838418525583,0.27048879088570377,1.789731322952335
5,0.27077451824951687,1.7526969968343462,0.27048879088570377,1.701692369701844
6,0.34466674852198553,1.6065204435145766,0.5450202131569276,1.4604520583056386
7,0.6376580336612764,1.2534777549376324,0.6736493936052922,1.0554116144639436
8,0.7349944764870989,0.9353153596878988,0.7537669974274164,0.8209007706593082
