epoch,acc,loss,val_acc,val_loss
0,0.3204860685134177,2.146332012827124,0.3057699375229695,2.101585508225289
1,0.30845710077511984,2.0633048788234327,0.3057699375229695,2.026196239626351
2,0.3088253345045558,1.9925357292689647,0.3061374494671077,1.9594550091569278
3,0.3106665029962677,1.9303033757359027,0.3083425211319368,1.9019298813703174
4,0.3150853074970927,1.87784477621701,0.3160602719588387,1.854247970468899
