epoch,acc,loss,val_acc,val_loss
0,0.28182152938634997,2.14908373052977,0.3057699375229695,2.103902290779543
1,0.30857984536379207,2.0658051668536785,0.3057699375229695,2.028635101518137
2,0.30907082361971305,1.9951743720220732,0.3057699375229695,1.9621061866049467
3,0.30943905734366195,1.9329699260465378,0.30760749724366043,1.904387088349443
4,0.3137351172430114,1.8802920567765475,0.3134876883498714,1.8565726136950962
5,0.3193813673452291,1.836867190832534,0.322675486953326,1.8165773678597
6,0.3255185957728712,1.799059600819543,0.3245130466740169,1.7796997220057944
7,0.32699153061379566,1.7620646992650986,0.32782065417126055,1.7411587698763673
8,0.3280962317454035,1.7213643047873104,0.33259830944505697,1.6968516839071917
